date,open_price,high_price,low_price,close_price,adjusted_close_price,volume,dividend_amount,split coefficient,ticker,rolling62_adjustedclose
2022-05-02,65.31,65.48,62.99,63.79,59.6176905586679,10049385.0,0.0,1.0,MDLZ,59.648967485937526
2022-05-03,64.11,64.89,63.64,64.69,60.4588243022453,9538716.0,0.0,1.0,MDLZ,59.606256951518354
2022-05-04,64.52,66.3,64.43,66.19,61.8607138748742,8265153.0,0.0,1.0,MDLZ,59.58555792046848
2022-05-05,65.72,66.07,64.81,65.23,60.9635045483917,8843800.0,0.0,1.0,MDLZ,59.564179002956806
2022-05-06,65.05,65.945,64.75,65.73,61.4308010726014,9038010.0,0.0,1.0,MDLZ,59.543441510304554
2022-05-09,65.4,66.705,65.23,66.28,61.944827249232,11709029.0,0.0,1.0,MDLZ,59.522450194965856
2022-05-10,66.89,67.93,65.71,65.92,61.608373751801,10974868.0,0.0,1.0,MDLZ,59.49738135254598
2022-05-11,65.61,66.41,65.43,65.56,61.2719202543701,9728204.0,0.0,1.0,MDLZ,59.484724499216696
2022-05-12,65.64,65.9,64.84,65.68,61.3840714201804,8676360.0,0.0,1.0,MDLZ,59.474925868505835
2022-05-13,65.83,66.455,65.36,66.38,62.0382865540739,7884242.0,0.0,1.0,MDLZ,59.484073757571615
2022-05-16,66.4,66.45,65.795,66.13,61.8046382919691,7955043.0,0.0,1.0,MDLZ,59.493500552977565
2022-05-17,66.14,66.25,64.54,65.72,61.4214551421172,10053441.0,0.0,1.0,MDLZ,59.49914545007832
2022-05-18,65.4,65.45,60.71,60.94,56.9541003706728,12698620.0,0.0,1.0,MDLZ,59.427489573725786
2022-05-19,60.33,61.56,59.65,61.11,57.1129811889041,10834441.0,0.0,1.0,MDLZ,59.35929571937051
2022-05-20,61.22,61.46,60.41,61.19,57.1877486327777,14293215.0,0.0,1.0,MDLZ,59.285262270983196
2022-05-23,62.06,62.42,61.51,62.04,57.9821527239341,7476172.0,0.0,1.0,MDLZ,59.22688998096504
2022-05-24,61.97,63.04,61.76,63.0,58.8793620504166,6505375.0,0.0,1.0,MDLZ,59.20742327398863
2022-05-25,62.81,62.98,61.78,62.37,58.2905684299125,8517438.0,0.0,1.0,MDLZ,59.1468300056025
2022-05-26,62.3,63.225,62.27,62.5,58.412065526207,5930774.0,0.0,1.0,MDLZ,59.107384168437996
2022-05-27,62.79,63.76,62.5,63.76,59.5896527672153,8631172.0,0.0,1.0,MDLZ,59.10402080881203
2022-05-31,63.62,63.935,62.61,63.56,59.4027341575314,8767494.0,0.0,1.0,MDLZ,59.092246063971906
2022-06-01,63.45,63.74,62.08,62.91,58.7952486760589,7621863.0,0.0,1.0,MDLZ,59.06752516766292
2022-06-02,62.85,63.06,61.465,63.04,58.9167457723534,7719185.0,0.0,1.0,MDLZ,59.060953608726145
2022-06-03,62.84,63.04,62.075,62.41,58.3279521518492,6221256.0,0.0,1.0,MDLZ,59.06437298851209
2022-06-06,62.71,63.135,62.22,62.45,58.365335873786,4556065.0,0.0,1.0,MDLZ,59.09432884335247
2022-06-07,61.96,63.34,61.88,63.24,59.1036643820373,5929711.0,0.0,1.0,MDLZ,59.12884789258843
2022-06-08,63.0,63.16,62.51,62.62,58.5242166920173,3861217.0,0.0,1.0,MDLZ,59.17096024158937
2022-06-09,62.44,63.02,61.2,61.23,57.2251323547144,7124602.0,0.0,1.0,MDLZ,59.207709705424925
2022-06-10,60.51,61.31,60.04,60.8,56.8232573438941,8265560.0,0.0,1.0,MDLZ,59.234679411012905
2022-06-13,60.2,60.3,58.965,59.2,55.3279084664233,8704135.0,0.0,1.0,MDLZ,59.21009802759699
2022-06-14,59.515,59.6,57.82,58.47,54.6456555410771,7096704.0,0.0,1.0,MDLZ,59.16281999872732
2022-06-15,58.94,59.88,58.29,59.04,55.1783735786762,9212371.0,0.0,1.0,MDLZ,59.11933724611147
2022-06-16,58.4,59.1791,57.99,58.61,54.7764985678559,7999195.0,0.0,1.0,MDLZ,59.080765395110156
2022-06-17,58.72,59.2,58.1,58.8,54.9540712470555,11416120.0,0.0,1.0,MDLZ,59.04715628527439
2022-06-21,59.28,60.08,58.29,59.82,55.9073561564432,10582747.0,0.0,1.0,MDLZ,59.025924644643844
2022-06-22,59.84,60.74,59.63,60.28,56.3372689587161,10349490.0,0.0,1.0,MDLZ,59.0234695521745
2022-06-23,60.54,61.4,60.52,61.04,57.0475596755148,6459949.0,0.0,1.0,MDLZ,59.031421428741695
2022-06-24,61.59,62.71,61.32,62.65,58.5522544834699,6571604.0,0.0,1.0,MDLZ,59.053598962009424
2022-06-27,62.15,62.81,62.08,62.63,58.5335626225015,5213256.0,0.0,1.0,MDLZ,59.07472549018628
2022-06-28,62.87,63.18,61.555,61.72,57.6830829484399,6736185.0,0.0,1.0,MDLZ,59.05979880508726
2022-06-29,61.5,62.36,61.49,62.05,58.318606221365,5056614.0,0.35,1.0,MDLZ,59.05452287658812
2022-06-30,61.58,62.51,61.51,62.09,58.3562008103877,7291072.0,0.0,1.0,MDLZ,59.04940108998527
2022-07-01,61.55,63.625,61.55,63.34,59.5310317173451,9481219.0,0.0,1.0,MDLZ,59.05192262790892
2022-07-05,63.125,63.2,61.13,62.48,58.7227480533584,9230908.0,0.0,1.0,MDLZ,59.04879363244126
2022-07-06,62.53,62.92,62.14,62.41,58.6569575225688,8540544.0,0.0,1.0,MDLZ,59.045055721823
2022-07-07,62.32,62.63,61.775,62.37,58.6193629335461,9442403.0,0.0,1.0,MDLZ,59.03769663058044
2022-07-08,62.37,62.83,62.16,62.44,58.6851534643357,4951710.0,0.0,1.0,MDLZ,59.036222382987624
2022-07-11,62.55,62.815,62.015,62.28,58.5347751082452,5223549.0,0.0,1.0,MDLZ,59.02463489651118
2022-07-12,62.72,63.5,62.275,62.56,58.7979372314037,5921460.0,0.0,1.0,MDLZ,59.017141219594
2022-07-13,62.04,62.65,61.46,61.97,58.2434170433198,5062807.0,0.0,1.0,MDLZ,58.99678440750469
2022-07-14,61.04,61.19,60.26,60.88,57.2189644924529,7261416.0,0.0,1.0,MDLZ,58.957190832518876
2022-07-15,61.63,61.63,60.385,60.74,57.0873834308737,6310290.0,0.0,1.0,MDLZ,58.91743461293171
2022-07-18,60.57,61.01,59.975,60.06,56.4482754174889,6884763.0,0.0,1.0,MDLZ,58.86963131179418
2022-07-19,60.87,61.6,60.6,61.42,57.7264914442585,8699662.0,0.0,1.0,MDLZ,58.81772290464636
2022-07-20,61.8,61.985,61.02,61.45,57.7546873860255,6356133.0,0.0,1.0,MDLZ,58.758430748411264
2022-07-21,61.41,61.7,60.95,61.35,57.6607009134689,4398730.0,0.0,1.0,MDLZ,58.695964532371605
2022-07-22,61.73,62.03,61.535,61.99,58.2622143378311,4779711.0,0.0,1.0,MDLZ,58.65495792926953
2022-07-25,62.06,63.12,61.9,62.76,58.9859101765168,6353371.0,0.0,1.0,MDLZ,58.614770501067824
2022-07-26,62.45,63.095,61.97,62.94,59.1550858271187,7701101.0,0.0,1.0,MDLZ,58.60354061407341
2022-07-27,62.98,63.82,62.29,63.63,59.8035924877592,8297511.0,0.0,1.0,MDLZ,58.602619771113766
2022-07-28,63.57,64.395,63.15,64.2,60.3393153813318,5228602.0,0.0,1.0,MDLZ,58.57762886329127
2022-07-29,63.43,64.45,63.4,64.04,60.1889370252412,6196458.0,0.0,1.0,MDLZ,58.576441399793914
2022-08-01,63.92,65.1675,63.9101,64.89,60.9878220419722,6121594.0,0.0,1.0,MDLZ,58.59854029468592
2022-08-02,65.164,65.164,64.54,64.76,60.8656396276487,5186477.0,0.0,1.0,MDLZ,58.605101832192425
2022-08-03,64.68,65.32,64.475,65.13,61.2133895761081,5313978.0,0.0,1.0,MDLZ,58.59466111769619
2022-08-04,64.97,65.18,64.08,64.25,60.3863086176101,5672905.0,0.0,1.0,MDLZ,58.585351505909394
2022-08-05,64.15,64.15,63.125,63.77,59.9351735493384,5679949.0,0.0,1.0,MDLZ,58.561228481340635
2022-08-08,64.02,64.59,63.71,63.94,60.0949505526846,4928688.0,0.0,1.0,MDLZ,58.531391760428576
2022-08-09,64.16,64.32,63.82,63.93,60.085551905429,3475735.0,0.0,1.0,MDLZ,58.50683011774517
2022-08-10,64.32,64.66,64.18,64.47,60.5930788572346,3597378.0,0.0,1.0,MDLZ,58.49588106295265
2022-08-11,64.81,65.1,64.13,64.29,60.4239032066327,3636419.0,0.0,1.0,MDLZ,58.48039447886318
2022-08-12,64.49,64.67,63.785,64.2,60.3393153813318,4838258.0,0.0,1.0,MDLZ,58.4529917180125
2022-08-15,64.39,65.38,64.08,65.18,61.2603828123864,4763676.0,0.0,1.0,MDLZ,58.44421340382567
2022-08-16,65.18,66.31,65.06,65.96,61.9934772983278,5257228.0,0.0,1.0,MDLZ,58.45343956763553
2022-08-17,65.78,65.84,65.225,65.51,61.5705381718231,4194556.0,0.0,1.0,MDLZ,58.52789824184762
2022-08-18,65.47,65.74,65.095,65.55,61.6081327608457,3596544.0,0.0,1.0,MDLZ,58.60040068655636
2022-08-19,65.22,65.655,64.96,65.36,61.4295584629882,5057112.0,0.0,1.0,MDLZ,58.6688169741404
2022-08-22,65.245,65.48,64.3029,64.51,60.6306734462572,5429783.0,0.0,1.0,MDLZ,58.7115350503069
2022-08-23,64.23,64.39,63.645,63.72,59.8881803130601,5409797.0,0.0,1.0,MDLZ,58.727806312607605
2022-08-24,63.78,64.675,63.59,64.6,60.7152612715581,5911352.0,0.0,1.0,MDLZ,58.766914261666415
2022-08-25,64.6,64.97,64.07,64.46,60.5836802099789,4375197.0,0.0,1.0,MDLZ,58.80194030495305
2022-08-26,64.56,64.68,62.57,62.73,58.9577142347499,7071872.0,0.0,1.0,MDLZ,58.7917477479778
2022-08-29,62.23,62.85,61.79,62.48,58.7227480533584,5477572.0,0.0,1.0,MDLZ,58.78078023016856
2022-08-30,62.45,62.55,61.64,61.85,58.1306332762519,4850317.0,0.0,1.0,MDLZ,58.77006062694587
2022-08-31,61.955,62.9,61.82,61.86,58.1400319235075,9945141.0,0.0,1.0,MDLZ,58.75753298422254
2022-09-01,61.54,62.02,60.97,61.97,58.2434170433198,7562532.0,0.0,1.0,MDLZ,58.75616951473013
2022-09-02,62.04,62.45,60.38,60.73,57.077984783618,6262703.0,0.0,1.0,MDLZ,58.73540578746936
2022-09-06,60.86,60.86,59.76,60.0,56.3918835339549,8906675.0,0.0,1.0,MDLZ,58.69166738669384
2022-09-07,60.05,61.51,59.82,61.42,57.7264914442585,8243221.0,0.0,1.0,MDLZ,58.678800850439664
2022-09-08,61.01,61.25,60.1,60.95,57.2847550232425,5605497.0,0.0,1.0,MDLZ,58.67976250638367
2022-09-09,61.33,61.75,60.93,61.33,57.6419036189576,6341335.0,0.0,1.0,MDLZ,58.69296647856211
2022-09-12,61.62,62.4398,61.445,61.9,58.1776265125302,5887210.0,0.0,1.0,MDLZ,58.738929672854155
2022-09-13,61.03,61.27,59.62,59.88,56.279099766887,8652969.0,0.0,1.0,MDLZ,58.76527554746399
2022-09-14,60.12,60.47,59.925,60.24,56.6174510680907,6543466.0,0.0,1.0,MDLZ,58.78848647471262
2022-09-15,60.09,60.24,59.305,59.57,55.9877417019616,6629626.0,0.0,1.0,MDLZ,58.808022654294966
2022-09-16,59.48,60.39,59.38,60.3,56.6738429516247,11923962.0,0.0,1.0,MDLZ,58.83576090759447
2022-09-19,60.3,60.46,59.85,60.38,56.74903212967,7782729.0,0.0,1.0,MDLZ,58.84933632651748
2022-09-20,60.04,60.23,59.26,59.75,56.1569173525634,6295189.0,0.0,1.0,MDLZ,58.84642742964405
2022-09-21,59.94,61.05,59.74,59.75,56.1569173525634,8873048.0,0.0,1.0,MDLZ,58.83206223088677
2022-09-22,59.87,60.335,59.5,59.8,56.2039105888417,6930457.0,0.0,1.0,MDLZ,58.794185716457285
2022-09-23,59.54,59.7491,58.255,58.95,55.4050255721107,6145397.0,0.0,1.0,MDLZ,58.74372544145098
2022-09-26,58.79,59.12,58.095,58.35,54.8411067367712,7200062.0,0.0,1.0,MDLZ,58.69788711545632
2022-09-27,58.69,59.13,57.31,57.58,54.1174108980854,7415403.0,0.0,1.0,MDLZ,58.63012590056472
2022-09-28,57.99,58.455,57.2605,58.14,54.6437351444023,6262947.0,0.0,1.0,MDLZ,58.57024742208108
2022-09-29,57.62,57.7,56.285,56.67,53.6239819171633,7336430.0,0.385,1.0,MDLZ,58.47497242530395
2022-09-30,56.49,56.7,54.72,54.83,51.8828820984306,14651532.0,0.0,1.0,MDLZ,58.36465200667609
2022-10-03,55.24,56.555,54.845,56.35,53.3211819486881,11676234.0,0.0,1.0,MDLZ,58.27859111032317
2022-10-04,56.84,57.925,56.74,57.53,54.4377568324405,11281863.0,0.0,1.0,MDLZ,58.21114585062792
2022-10-05,57.2,57.645,56.51,57.24,54.1633443610098,4901075.0,0.0,1.0,MDLZ,58.13821344573557
2022-10-06,57.01,57.33,55.8,56.01,52.9994569821831,6069732.0,0.0,1.0,MDLZ,58.04893412112166
2022-10-07,55.85,55.95,54.95,55.26,52.2897695560692,6753265.0,0.0,1.0,MDLZ,57.9439636747453
2022-10-10,55.54,55.855,54.97,55.62,52.6304195206039,6944653.0,0.0,1.0,MDLZ,57.85343145663698
2022-10-11,55.53,56.755,55.37,56.28,53.2549444555841,7976186.0,0.0,1.0,MDLZ,57.78949564959071
2022-10-12,56.94,57.535,56.61,56.83,53.7753819014009,8280163.0,0.0,1.0,MDLZ,57.736076270083075
2022-10-13,56.1,58.03,55.87,57.68,54.5796943176633,10000071.0,0.0,1.0,MDLZ,57.705937865247186
2022-10-14,58.21,58.32,56.84,56.94,53.8794693905643,7921978.0,0.0,1.0,MDLZ,57.643889122445664
2022-10-17,57.61,57.965,57.34,57.44,54.3525943413069,7340621.0,0.0,1.0,MDLZ,57.58901665398246
2022-10-18,58.12,58.695,57.79,58.35,55.2136817516583,6349125.0,0.0,1.0,MDLZ,57.549548602985524
2022-10-19,58.2,58.59,57.37,57.7,54.598619315693,4619002.0,0.0,1.0,MDLZ,57.49045836069296
2022-10-20,57.75,57.865,56.79,56.91,53.8510818935197,5723228.0,0.0,1.0,MDLZ,57.40763854967689
2022-10-21,56.58,57.43,56.38,57.35,54.2674318501732,9719920.0,0.0,1.0,MDLZ,57.328805421016476
2022-10-24,58.17,58.78,57.8,58.74,55.5827192132376,6487764.0,0.0,1.0,MDLZ,57.26072681981451
2022-10-25,58.83,59.385,58.515,59.31,56.1220816570841,7080578.0,0.0,1.0,MDLZ,57.19270692103632
2022-10-26,59.84,60.54,59.3,59.9,56.6803690989603,6620346.0,0.0,1.0,MDLZ,57.13611711577373
2022-10-27,60.0,60.69,59.74,60.31,57.0683315585692,7547600.0,0.0,1.0,MDLZ,57.07289952733175
2022-10-28,60.66,61.81,60.42,61.7,58.3836189216336,6263772.0,0.0,1.0,MDLZ,57.032866935299246
2022-10-31,61.23,61.99,60.64,61.48,58.1754439433069,6840591.0,0.0,1.0,MDLZ,56.98386781218955
2022-11-01,61.56,62.275,61.54,61.87,58.5444814048861,8507530.0,0.0,1.0,MDLZ,56.95416092166174
2022-11-02,64.95,64.96,62.0,62.58,59.2163188349405,11491162.0,0.0,1.0,MDLZ,56.94256649078436
2022-11-03,62.09,62.645,61.84,62.0,58.6674938920791,8159803.0,0.0,1.0,MDLZ,56.919542996258464
2022-11-04,62.31,63.28,62.12,63.22,59.821918771891,7507330.0,0.0,1.0,MDLZ,56.915290848943336
2022-11-07,63.4,64.51,63.37,64.39,60.9290311566286,6480252.0,0.0,1.0,MDLZ,56.920709434417425
2022-11-08,64.2,64.7,62.97,63.92,60.4842937029306,6772133.0,0.0,1.0,MDLZ,56.92168347468029
2022-11-09,63.85,64.31,63.3,63.39,59.9827812551435,5584372.0,0.0,1.0,MDLZ,56.9159329242579
2022-11-10,64.76,65.165,63.465,64.98,61.4873185985049,8601617.0,0.0,1.0,MDLZ,56.919593178872724
2022-11-11,65.05,65.19,63.96,64.8,61.3169936162375,6384590.0,0.0,1.0,MDLZ,56.90868215174223
2022-11-14,65.0,65.325,64.06,64.1,60.6546186851979,5766764.0,0.0,1.0,MDLZ,56.89390925679666
2022-11-15,64.79,64.99,64.17,64.65,61.1750561310148,5930903.0,0.0,1.0,MDLZ,56.88692414986391
2022-11-16,64.99,65.5501,64.68,65.0,61.5062435965346,4711114.0,0.0,1.0,MDLZ,56.88816100685659
2022-11-17,64.31,64.63,64.005,64.45,60.9858061507177,5152630.0,0.0,1.0,MDLZ,56.89388895370273
2022-11-18,64.66,65.09,64.31,64.99,61.4967810975197,4973224.0,0.0,1.0,MDLZ,56.91983412764562
2022-11-21,65.3,65.96,65.045,65.85,62.3105560127969,5825015.0,0.0,1.0,MDLZ,56.94556468798819
2022-11-22,66.245,66.39,65.81,66.31,62.7458309674801,4077949.0,0.0,1.0,MDLZ,56.980438087302716
2022-11-23,66.31,66.7,66.14,66.67,63.0864809320148,3235786.0,0.0,1.0,MDLZ,57.047031098548935
2022-11-25,66.67,66.82,66.485,66.69,63.1054059300445,2212168.0,0.0,1.0,MDLZ,57.11771912881805
2022-11-28,66.68,66.99,66.065,66.15,62.5944309832425,3755243.0,0.0,1.0,MDLZ,57.18971586602758
2022-11-29,65.81,66.13,65.59,66.05,62.499805993094,3673512.0,0.0,1.0,MDLZ,57.26003480263382
2022-11-30,65.79,67.75,65.59,67.61,63.9759558394108,8415415.0,0.0,1.0,MDLZ,57.35249510579658
2022-12-01,67.76,68.525,67.685,68.09,64.4301557921237,5846490.0,0.0,1.0,MDLZ,57.47107850915957
2022-12-02,67.41,68.36,67.21,68.31,64.6383307704504,3798399.0,0.0,1.0,MDLZ,57.60408572265144
2022-12-05,67.55,67.645,67.05,67.43,63.8056308571435,4190090.0,0.0,1.0,MDLZ,57.70213635834313
2022-12-06,67.68,67.97,66.91,67.29,63.6731558709356,4819646.0,0.0,1.0,MDLZ,57.805175081693015
2022-12-07,67.62,68.81,67.48,68.03,64.3733807980346,7222688.0,0.0,1.0,MDLZ,57.913747294258776
2022-12-08,67.34,68.08,67.2,67.59,63.9570308413811,5929787.0,0.0,1.0,MDLZ,58.00696349311121
2022-12-09,67.56,67.62,66.945,67.06,63.455518393594,4819229.0,0.0,1.0,MDLZ,58.122712180638736
2022-12-12,67.34,67.43,66.9,67.38,63.7583183620692,6224970.0,0.0,1.0,MDLZ,58.23788745957388
2022-12-13,68.25,68.5,67.07,67.6,63.9664933403959,6992138.0,0.0,1.0,MDLZ,58.36657700212927
2022-12-14,67.74,68.06,66.79,67.26,63.644768373891,7986454.0,0.0,1.0,MDLZ,58.479011283133566
2022-12-15,66.94,67.215,65.815,66.39,62.8215309595989,7717340.0,0.0,1.0,MDLZ,58.57695481264855
2022-12-16,65.92,66.39,65.275,66.16,62.6038934822573,17584910.0,0.0,1.0,MDLZ,58.68093829861135
2022-12-19,66.06,66.29,65.4725,65.7,62.1686185275742,7117251.0,0.0,1.0,MDLZ,58.77790122078895
2022-12-20,65.78,66.2097,65.38,65.85,62.3105560127969,5718286.0,0.0,1.0,MDLZ,58.87639550182049
2022-12-21,66.25,67.285,66.1,66.89,63.2946559103415,5608468.0,0.0,1.0,MDLZ,59.00364760405001
2022-12-22,66.69,66.83,65.97,66.73,63.1432559261039,4856779.0,0.0,1.0,MDLZ,59.13755323613603
2022-12-23,66.79,67.235,66.54,67.1,63.4933683896534,3365198.0,0.0,1.0,MDLZ,59.28877835696776
2022-12-27,67.39,67.6,67.135,67.49,63.8624058512326,3139551.0,0.0,1.0,MDLZ,59.43746659417471
2022-12-28,67.82,67.83,66.8,66.83,63.2378809162524,3499231.0,0.0,1.0,MDLZ,59.59252948125679
2022-12-29,66.54,67.13,66.5,66.97,63.7346621145321,3277679.0,0.385,1.0,MDLZ,59.78368722345197
2022-12-30,66.89,66.99,66.105,66.65,63.4301213966487,4335264.0,0.0,1.0,MDLZ,59.94673463390295
2023-01-03,66.5,66.7,65.37,66.25,63.0494454992945,6545337.0,0.0,1.0,MDLZ,60.08563283820704
2023-01-04,66.36,67.385,66.26,66.73,63.5062565761196,6086938.0,0.0,1.0,MDLZ,60.236324970708814
2023-01-05,66.99,67.13,66.025,66.19,62.9923441146913,5353411.0,0.0,1.0,MDLZ,60.39750056962024
2023-01-06,67.15,68.255,66.89,68.02,64.7339363450869,5845531.0,0.0,1.0,MDLZ,60.598212937185046
2023-01-09,67.67,68.325,67.2229,67.24,63.9916183452462,4132674.0,0.0,1.0,MDLZ,60.78145807951798
2023-01-10,67.02,67.475,66.995,67.31,64.0582366272832,3560583.0,0.0,1.0,MDLZ,60.95570472744861
2023-01-11,67.57,67.815,66.935,67.57,64.3056759605634,4928711.0,0.0,1.0,MDLZ,61.125548180015755
2023-01-12,67.41,67.53,66.56,66.76,63.5348072684211,4945829.0,0.0,1.0,MDLZ,61.26998548567313
2023-01-13,66.59,67.105,66.22,67.06,63.8203141914368,4712727.0,0.0,1.0,MDLZ,61.430321692138826
2023-01-17,67.18,67.5,66.93,67.02,63.7822466017014,6245392.0,0.0,1.0,MDLZ,61.58241285762906
2023-01-18,66.73,66.84,64.43,64.57,61.4506067304067,6751687.0,0.0,1.0,MDLZ,61.68300842180242
2023-01-19,64.405,64.805,63.75,63.84,60.7558732177352,5933652.0,0.0,1.0,MDLZ,61.782318968609545
2023-01-20,63.76,64.04,63.26,64.04,60.9462111664124,7524301.0,0.0,1.0,MDLZ,61.89675653752717
2023-01-23,64.13,64.775,63.92,64.36,61.2507518842957,6108873.0,0.0,1.0,MDLZ,62.00939073162592
2023-01-24,64.4,65.005,63.76,64.84,61.7075629611208,5024972.0,0.0,1.0,MDLZ,62.10817853401114
2023-01-25,64.94,65.02,64.085,65.0,61.8598333200625,4505555.0,0.0,1.0,MDLZ,62.20072291567208
2023-01-26,64.85,64.85,64.28,64.52,61.4030222432374,5051589.0,0.0,1.0,MDLZ,62.27689474057977
2023-01-27,64.45,64.95,64.0601,64.72,61.5933601919145,7141829.0,0.0,1.0,MDLZ,62.34987907337566
2023-01-30,64.79,65.44,64.41,64.84,61.7075629611208,7920657.0,0.0,1.0,MDLZ,62.40349107401256
2023-01-31,64.98,65.48,64.715,65.44,62.2785768071522,5938668.0,0.0,1.0,MDLZ,62.46967063633264
2023-02-01,65.66,67.13,65.44,66.73,63.5062565761196,8004669.0,0.0,1.0,MDLZ,62.54969926812672
2023-02-02,66.25,66.79,65.795,66.66,63.4396382940826,6776216.0,0.0,1.0,MDLZ,62.61781732391934
2023-02-03,66.82,66.87,65.515,65.91,62.7258709865434,6271304.0,0.0,1.0,MDLZ,62.68327501899134
2023-02-06,65.91,66.29,65.65,66.17,62.9733103198236,4852717.0,0.0,1.0,MDLZ,62.73410391492574
2023-02-07,65.68,65.68,64.12,65.08,61.9359684995333,8080654.0,0.0,1.0,MDLZ,62.750344839811305
2023-02-08,64.75,64.985,64.432,64.79,61.6599784739515,4792461.0,0.0,1.0,MDLZ,62.76930749740841
2023-02-09,65.18,65.37,64.22,64.29,61.1841336022587,4150031.0,0.0,1.0,MDLZ,62.78868414816834
2023-02-10,64.29,65.58,64.11,65.5,62.3356781917553,5509450.0,0.0,1.0,MDLZ,62.802367367414305
2023-02-13,65.77,66.74,65.77,66.27,63.0684792941622,5588198.0,0.0,1.0,MDLZ,62.8306171364131
2023-02-14,66.39,66.41,65.28,65.66,62.487948550697,5052986.0,0.0,1.0,MDLZ,62.86018697295341
2023-02-15,65.62,65.7,65.17,65.69,62.5164992429985,3746374.0,0.0,1.0,MDLZ,62.881823152178946
2023-02-16,64.99,65.755,64.43,65.68,62.5069823455647,6419554.0,0.0,1.0,MDLZ,62.89796409974395
2023-02-17,65.77,67.03,65.62,66.85,63.6204593453258,7339856.0,0.0,1.0,MDLZ,62.9404585061086
2023-02-21,66.7,66.94,65.745,66.6,63.3825369094794,6742181.0,0.0,1.0,MDLZ,62.97087392243052
2023-02-22,66.67,67.44,66.065,66.23,63.0304117044268,5358317.0,0.0,1.0,MDLZ,62.982484498101975
2023-02-23,66.41,66.545,65.645,66.07,62.8781413454851,4637269.0,0.0,1.0,MDLZ,62.9846185364569
2023-02-24,65.73,65.78,65.015,65.55,62.3832626789246,5240415.0,0.0,1.0,MDLZ,62.973276306568344
2023-02-27,66.01,66.285,65.5221,65.64,62.4689147558293,3328950.0,0.0,1.0,MDLZ,62.96301031988746
2023-02-28,65.445,65.625,65.002,65.18,62.0311374738719,5596974.0,0.0,1.0,MDLZ,62.95392494070406
2023-03-01,64.98,64.98,63.815,64.19,61.0889646279202,5115905.0,0.0,1.0,MDLZ,62.93116943481416
2023-03-02,64.29,65.525,64.07,65.36,62.2024416276813,6635087.0,0.0,1.0,MDLZ,62.90256436688304
2023-03-03,65.27,65.95,64.63,65.71,62.5355330378663,5641174.0,0.0,1.0,MDLZ,62.87200593536276
2023-03-06,65.66,66.075,65.55,65.68,62.5069823455647,3878923.0,0.0,1.0,MDLZ,62.8376293478646
2023-03-07,65.79,65.79,64.39,64.81,61.6790122688192,4850652.0,0.0,1.0,MDLZ,62.803329048052916
2023-03-08,64.7,65.24,64.6,65.09,61.9454853969672,3015470.0,0.0,1.0,MDLZ,62.77546339524698
2023-03-09,65.44,65.7,64.465,64.76,61.63142778165,4065881.0,0.0,1.0,MDLZ,62.73123834659561
2023-03-10,65.01,65.505,64.74,64.9,61.764664345724,5744777.0,0.0,1.0,MDLZ,62.69587759666566
2023-03-13,65.02,66.94,65.02,65.54,62.3737457814907,11336463.0,0.0,1.0,MDLZ,62.67842965130916
2023-03-14,65.58,66.39,65.28,66.29,63.0875130890299,7653558.0,0.0,1.0,MDLZ,62.66761021142142
2023-03-15,65.64,66.6,65.07,66.4,63.1921989608023,8512764.0,0.0,1.0,MDLZ,62.65512159239572
2023-03-16,66.38,67.04,65.74,66.94,63.7061114222305,7079892.0,0.0,1.0,MDLZ,62.656110996401196
2023-03-17,66.78,66.91,65.83,66.4,63.1921989608023,13634225.0,0.0,1.0,MDLZ,62.662089512549635
2023-03-20,66.65,67.74,66.6,67.73,64.4579463195051,8081314.0,0.0,1.0,MDLZ,62.691993590569766
2023-03-21,67.81,67.93,67.12,67.83,64.5531152938437,8566082.0,0.0,1.0,MDLZ,62.73045321583217
2023-03-22,68.0,68.4286,67.33,67.36,64.1058211144525,6989581.0,0.0,1.0,MDLZ,62.75940910456855
2023-03-23,67.21,67.765,67.0,67.2,63.9535507555108,6043943.0,0.0,1.0,MDLZ,62.77003644078097
2023-03-24,67.48,69.1,67.48,69.04,65.7046598833402,7201400.0,0.0,1.0,MDLZ,62.811349407833156
2023-03-27,69.2,69.75,69.13,69.16,65.8188626525465,6253821.0,0.0,1.0,MDLZ,62.84885737981531
2023-03-28,69.21,70.06,69.16,69.59,66.2280892422023,5725859.0,0.0,1.0,MDLZ,62.88701356354063
2023-03-29,70.03,70.39,70.03,70.37,66.9704072420431,4833610.0,0.0,1.0,MDLZ,62.94721560105338
2023-03-30,70.02,70.22,69.415,69.58,66.5849728959719,7115976.0,0.385,1.0,MDLZ,62.993188355592736
2023-03-31,69.94,70.02,69.46,69.72,66.718946684495,7037393.0,0.0,1.0,MDLZ,63.04623392475154
2023-04-03,69.46,70.615,68.96,70.22,67.1974245006488,5755841.0,0.0,1.0,MDLZ,63.11313681187016
2023-04-04,70.12,70.65,70.03,70.52,67.4845111903412,4397722.0,0.0,1.0,MDLZ,63.17730220887373
2023-04-05,70.94,71.6,70.85,71.4,68.326632146772,5789356.0,0.0,1.0,MDLZ,63.26333911261697
2023-04-06,71.66,71.85,70.86,71.05,67.9916976754643,5024143.0,0.0,1.0,MDLZ,63.3158836502037
2023-04-10,70.72,70.81,69.75,70.53,67.4940807466642,4965525.0,0.0,1.0,MDLZ,63.372374979258836
2023-04-11,70.46,70.74,70.225,70.31,67.2835505075565,5060111.0,0.0,1.0,MDLZ,63.42439617087614
2023-04-12,70.36,70.685,70.01,70.21,67.1878549443258,6794275.0,0.0,1.0,MDLZ,63.47088292867876
2023-04-13,70.3,70.535,69.725,70.44,67.4079547397565,5410116.0,0.0,1.0,MDLZ,63.53335304918417
2023-04-14,70.13,70.36,69.675,69.81,66.8050726914027,4423583.0,0.0,1.0,MDLZ,63.58149431531265
2023-04-17,70.04,70.35,69.71,70.26,67.2357027259412,5178477.0,0.0,1.0,MDLZ,63.637195220542324
2023-04-18,70.22,70.62,69.93,70.5,67.465372077695,3782269.0,0.0,1.0,MDLZ,63.73420756485343
2023-04-19,70.65,70.73,70.24,70.36,67.3313982891719,4785063.0,0.0,1.0,MDLZ,63.84026442084434
2023-04-20,70.28,71.26,70.28,71.03,67.9725585628181,4808035.0,0.0,1.0,MDLZ,63.95359260465734
2023-04-21,71.24,71.53,70.82,71.32,68.2500756961873,4546023.0,0.0,1.0,MDLZ,64.06648492420398
2023-04-24,71.35,71.89,71.3,71.81,68.7189839560181,4203441.0,0.0,1.0,MDLZ,64.17957235960554
2023-04-25,71.81,72.63,71.77,72.5,69.3792833423105,5980368.0,0.0,1.0,MDLZ,64.30085381157728
2023-04-26,71.71,72.475,71.59,72.33,69.2166008848181,5707594.0,0.0,1.0,MDLZ,64.42687927353828
2023-04-27,72.39,73.885,72.18,73.82,70.6424647769567,7665113.0,0.0,1.0,MDLZ,64.572832573297
2023-04-28,75.88,78.59,75.69,76.72,73.4176361106491,14861559.0,0.0,1.0,MDLZ,64.76170472087004
2023-05-01,76.52,77.72,76.19,77.22,73.896113926803,6670550.0,0.0,1.0,MDLZ,64.94908435183216
2023-05-02,77.32,77.77,76.52,77.6,74.2597570670799,7971904.0,0.0,1.0,MDLZ,65.12252790813798
2023-05-03,77.89,78.01,76.66,77.02,73.7047228003414,5957418.0,0.0,1.0,MDLZ,65.28809378727118
2023-05-04,77.42,77.5,76.755,77.29,73.9631008210645,5725427.0,0.0,1.0,MDLZ,65.46933942976345
2023-05-05,77.06,77.63,76.77,77.56,74.2214788417876,5461064.0,0.0,1.0,MDLZ,65.65076150269836
2023-05-08,77.25,78.21,76.96,78.11,74.7478044395568,5676491.0,0.0,1.0,MDLZ,65.85740401786002
2023-05-09,77.9,78.07,77.32,77.89,74.5372742004491,3825869.0,0.0,1.0,MDLZ,66.06510233602934
2023-05-10,77.89,78.38,77.505,77.89,74.5372742004491,5160459.0,0.0,1.0,MDLZ,66.28047557148403
2023-05-11,77.92,78.44,77.35,78.36,74.9870433476338,3679536.0,0.0,1.0,MDLZ,66.48452984819176
2023-05-12,78.4,78.535,77.74,77.88,74.527704644126,5085470.0,0.0,1.0,MDLZ,66.66935606351373
2023-05-15,78.12,78.26,77.32,77.73,74.3841612992799,3189530.0,0.0,1.0,MDLZ,66.86123046268443
2023-05-16,77.6,78.01,76.93,77.8,74.4511481935414,4389614.0,0.0,1.0,MDLZ,67.05372480059641
2023-05-17,77.8,77.92,76.5637,77.23,73.905683483126,4907858.0,0.0,1.0,MDLZ,67.23757481894418
2023-05-18,76.81,77.31,76.62,77.27,73.9439617084183,5040170.0,0.0,1.0,MDLZ,67.4040829215747
2023-05-19,77.36,77.565,76.74,77.06,73.7430010256337,5806838.0,0.0,1.0,MDLZ,67.57118718151268
2023-05-22,77.085,77.21,75.635,75.87,72.6042238231875,5655753.0,0.0,1.0,MDLZ,67.72560350600881
2023-05-23,75.97,76.0,75.135,75.65,72.3936935840798,4807480.0,0.0,1.0,MDLZ,67.8790801550184
2023-05-24,75.63,75.855,75.15,75.47,72.2214415702644,4553823.0,0.0,1.0,MDLZ,68.03776045971743
2023-05-25,74.95,75.44,74.39,75.18,71.9439244368952,5125562.0,0.0,1.0,MDLZ,68.19058319650881
2023-05-26,75.01,75.29,74.4438,75.13,71.8960766552798,7429243.0,0.0,1.0,MDLZ,68.34969511878958
2023-05-30,74.41,74.53,72.25,72.37,69.2548791101105,10882355.0,0.0,1.0,MDLZ,68.48140341688944
2023-05-31,72.47,73.735,72.28,73.41,70.2501129677105,13425122.0,0.0,1.0,MDLZ,68.61120456753507
2023-06-01,73.62,73.73,72.965,73.61,70.441504094172,5445213.0,0.0,1.0,MDLZ,68.73872022973356
2023-06-02,73.77,74.36,73.5,74.27,71.0730948114952,5672299.0,0.0,1.0,MDLZ,68.87688333402275
2023-06-05,74.25,74.73,73.94,74.29,71.0922339241413,6670035.0,0.0,1.0,MDLZ,69.02870948975377
2023-06-06,74.31,74.56,72.86,73.28,70.1257087355105,4865107.0,0.0,1.0,MDLZ,69.16064857585928
2023-06-07,72.285,73.15,72.03,72.19,69.0826270962951,7789405.0,0.0,1.0,MDLZ,69.28082920996647
2023-06-08,72.01,73.2,71.86,73.09,69.943887165372,4835737.0,0.0,1.0,MDLZ,69.41275215867047
2023-06-09,72.46,73.22,72.46,72.97,69.8290524894951,4406777.0,0.0,1.0,MDLZ,69.53299904105765
2023-06-12,72.97,73.17,72.21,72.81,69.6759395883259,4934330.0,0.0,1.0,MDLZ,69.63926398459468
2023-06-13,72.57,73.055,72.435,72.72,69.5898135814182,3796576.0,0.0,1.0,MDLZ,69.74245131718526
2023-06-14,73.03,73.425,72.625,73.13,69.9821653906643,5203885.0,0.0,1.0,MDLZ,69.84367799409546
2023-06-15,73.48,73.79,73.195,73.46,70.2979607493259,4908936.0,0.0,1.0,MDLZ,69.9582870552007
2023-06-16,74.14,74.41,73.435,73.57,70.4032258688797,10884811.0,0.0,1.0,MDLZ,70.05417866083575
2023-06-20,73.88,74.25,73.245,73.26,70.1065696228643,6284096.0,0.0,1.0,MDLZ,70.14375050485222
2023-06-21,73.25,73.5,72.625,73.14,69.9917349469874,6778835.0,0.0,1.0,MDLZ,70.23868459892537
2023-06-22,73.26,73.95,73.26,73.74,70.5659083263721,6226401.0,0.0,1.0,MDLZ,70.34533552748765
2023-06-23,74.09,74.11,72.94,73.1,69.9534567216951,7619006.0,0.0,1.0,MDLZ,70.41386450875143
2023-06-26,73.09,73.28,72.355,73.23,70.0778609538951,4951010.0,0.0,1.0,MDLZ,70.48255802974094
2023-06-27,73.49,73.97,72.96,73.93,70.7477298965105,6508019.0,0.0,1.0,MDLZ,70.55545545964914
2023-06-28,73.39,73.71,72.75,73.22,70.068291397572,6290078.0,0.0,1.0,MDLZ,70.60542133312539
2023-06-29,72.19,72.56,71.895,72.28,69.5371810216412,6453893.0,0.385,1.0,MDLZ,70.65303759321685
2023-06-30,72.58,73.09,72.46,72.94,70.1721359119883,8377740.0,0.0,1.0,MDLZ,70.70873419366028
2023-07-03,72.77,73.595,72.49,73.51,70.7205060445607,3931703.0,0.0,1.0,MDLZ,70.76555808952982
2023-07-05,72.97,73.41,72.63,73.22,70.4415107139537,7448831.0,0.0,1.0,MDLZ,70.81325163023324
2023-07-06,72.67,73.065,72.14,72.88,70.1144127401385,6781119.0,0.0,1.0,MDLZ,70.842086801094
2023-07-07,72.76,72.77,71.95,72.0,69.2678062196758,6720275.0,0.0,1.0,MDLZ,70.8626691969684
2023-07-10,72.39,73.01,72.01,72.1,69.3640115060921,5702987.0,0.0,1.0,MDLZ,70.89282937050754
2023-07-11,72.0,72.07,70.48,70.89,68.1999275404558,8284046.0,0.0,1.0,MDLZ,70.90760964523173
2023-07-12,71.28,71.815,70.95,71.4,68.6905745011785,8454652.0,0.0,1.0,MDLZ,70.93184705743903
2023-07-13,71.35,71.925,71.2,71.83,69.1042572327683,5583006.0,0.0,1.0,MDLZ,70.95920677506825
2023-07-14,71.97,72.335,71.6,72.28,69.5371810216412,4556767.0,0.0,1.0,MDLZ,71.0032730384592
2023-07-17,72.05,72.62,71.89,71.94,69.2100830478261,5824431.0,0.0,1.0,MDLZ,71.03511788236057
2023-07-18,71.7,72.41,71.405,72.1,69.3640115060921,5777671.0,0.0,1.0,MDLZ,71.06574109894761
2023-07-19,72.18,73.285,72.01,73.21,70.4318901853121,6205954.0,0.0,1.0,MDLZ,71.11574903275633
2023-07-20,73.5,74.05,73.48,73.88,71.0764656043007,7003100.0,0.0,1.0,MDLZ,71.16581204955443
2023-07-21,73.86,74.46,73.64,73.98,71.1726708907169,22069155.0,0.0,1.0,MDLZ,71.21295068172427
2023-07-24,74.11,74.435,74.065,74.32,71.4997688645321,6224065.0,0.0,1.0,MDLZ,71.25780205121642
2023-07-25,74.33,74.42,73.98,74.4,71.576733093665,6928524.0,0.0,1.0,MDLZ,71.2932447891415
2023-07-26,74.1,74.37,73.44,73.67,70.8744345028267,5676029.0,0.0,1.0,MDLZ,71.31998404104486
2023-07-27,73.63,74.0,72.225,72.36,69.6141452507742,6446746.0,0.0,1.0,MDLZ,71.30339824223546
2023-07-28,75.88,76.77,74.655,75.04,72.1924469267288,10226435.0,0.0,1.0,MDLZ,71.28363712636579
2023-07-31,74.91,75.05,73.71,74.13,71.3169788203412,6476148.0,0.0,1.0,MDLZ,71.24203817303575
2023-08-01,74.25,74.67,73.92,74.35,71.5286304504569,5080308.0,0.0,1.0,MDLZ,71.19798774373538
2023-08-02,74.11,75.61,74.1,75.35,72.4906833146191,7211560.0,0.0,1.0,MDLZ,71.17840646170761
2023-08-03,75.1,75.685,75.085,75.29,72.4329601427694,7103079.0,0.0,1.0,MDLZ,71.153726773348
2023-08-04,75.26,75.61,73.82,73.92,71.1149477188672,5070835.0,0.0,1.0,MDLZ,71.10362143265576
2023-08-07,74.14,74.51,73.98,74.26,71.4420456926823,2892089.0,0.0,1.0,MDLZ,71.05030274319002
2023-08-08,74.21,74.32,73.255,73.4,70.6146802295029,4870513.0,0.0,1.0,MDLZ,70.98703509849736
2023-08-09,73.32,74.12,73.22,73.8,70.9995013751677,5487283.0,0.0,1.0,MDLZ,70.92997424647669
2023-08-10,74.01,74.7,73.63,73.72,70.9225371460348,4138021.0,0.0,1.0,MDLZ,70.86441769483797
2023-08-11,73.9,74.285,73.69,73.97,71.1630503620753,3611548.0,0.0,1.0,MDLZ,70.81014907738555
2023-08-14,74.1,74.18,73.09,73.21,70.4318901853121,6063949.0,0.0,1.0,MDLZ,70.74640276909575
2023-08-15,72.9,72.97,72.22,72.28,69.5371810216412,4874842.0,0.0,1.0,MDLZ,70.6671452340651
2023-08-16,72.27,72.72,71.86,71.96,69.2293241051094,4065502.0,0.0,1.0,MDLZ,70.59172008280676
2023-08-17,71.99,72.18,71.16,71.2,68.4981639283461,4446392.0,0.0,1.0,MDLZ,70.5038846347411
2023-08-18,71.17,71.395,70.97,71.13,68.4308202278548,5330478.0,0.0,1.0,MDLZ,70.41820429929304
2023-08-21,71.09,71.235,70.575,70.73,68.0459990821899,4787216.0,0.0,1.0,MDLZ,70.34468454540598
2023-08-22,70.645,70.85,70.105,70.21,67.5457315928256,4686760.0,0.0,1.0,MDLZ,70.26649161006317
2023-08-23,70.5,71.55,70.42,71.48,68.7675387303115,5603965.0,0.0,1.0,MDLZ,70.21078349974135
2023-08-24,71.56,72.17,70.81,70.85,68.1614454258894,4736876.0,0.0,1.0,MDLZ,70.1497757737574
2023-08-25,71.06,71.815,70.92,71.5,68.7867797875948,3890164.0,0.0,1.0,MDLZ,70.09962582427859
2023-08-28,71.92,71.94,71.16,71.55,68.8348824308029,3577018.0,0.0,1.0,MDLZ,70.09285168428976
2023-08-29,71.8,71.82,70.88,71.48,68.7675387303115,6201345.0,0.0,1.0,MDLZ,70.06893919658978
2023-08-30,71.63,72.0,71.46,71.57,68.8541234880861,3883829.0,0.0,1.0,MDLZ,70.04333628358839
2023-08-31,71.44,71.62,70.91,71.26,68.5558871001958,7116663.0,0.0,1.0,MDLZ,70.00273615921259
2023-09-01,71.74,71.74,69.44,69.69,67.0454641034612,7284446.0,0.0,1.0,MDLZ,69.93746567823388
2023-09-05,69.59,69.73,69.015,69.56,66.9203972311202,6517266.0,0.0,1.0,MDLZ,69.88576710558245
2023-09-06,69.54,69.76,69.25,69.69,67.0454641034612,4784088.0,0.0,1.0,MDLZ,69.85290963795609
2023-09-07,69.97,70.415,69.655,70.0,67.3437004913515,6177874.0,0.0,1.0,MDLZ,69.81097114321382
2023-09-08,69.99,70.0,69.24,69.82,67.1705309758023,6838491.0,0.0,1.0,MDLZ,69.76809176396071
2023-09-11,70.13,71.565,69.88,71.37,68.6617129152537,6503941.0,0.0,1.0,MDLZ,69.75173326923374
2023-09-12,71.37,71.44,70.94,71.06,68.3634765273634,4834463.0,0.0,1.0,MDLZ,69.73195363932962
2023-09-13,70.91,71.3889,70.8,71.29,68.5847486861207,4026649.0,0.0,1.0,MDLZ,69.70941466022408
2023-09-14,71.5,72.545,71.37,72.38,69.6333863080575,5183160.0,0.0,1.0,MDLZ,69.69869571762298
2023-09-15,72.3,72.7,71.84,71.94,69.2100830478261,9339827.0,0.0,1.0,MDLZ,69.67945147857374
2023-09-18,72.38,72.38,71.44,71.86,69.1331188186931,3915146.0,0.0,1.0,MDLZ,69.66375065915162
2023-09-19,71.73,71.73,71.16,71.51,68.7964003162364,4048827.0,0.0,1.0,MDLZ,69.64447106833305
2023-09-20,71.74,72.085,71.2,71.64,68.9214671885775,3846290.0,0.0,1.0,MDLZ,69.61794782417508
2023-09-21,71.42,71.8,70.66,70.71,68.0267580249066,4773384.0,0.0,1.0,MDLZ,69.586872038743
2023-09-22,70.71,71.055,70.35,70.43,67.7573832229413,5976435.0,0.0,1.0,MDLZ,69.54944497856631
2023-09-25,70.32,70.39,69.3001,69.71,67.0647051607445,4516759.0,0.0,1.0,MDLZ,69.49004135379589
2023-09-26,69.53,70.94,69.46,70.57,67.8920706239239,9672228.0,0.0,1.0,MDLZ,69.45494101873706
2023-09-27,70.79,70.96,69.64,69.99,67.3340799627099,10621343.0,0.0,1.0,MDLZ,69.41940713068978
2023-09-28,69.81,70.05,69.325,69.39,67.1657207114815,6688794.0,0.425,1.0,MDLZ,69.37091656293968
2023-09-29,69.59,69.98,69.1,69.4,67.1754001639547,5562840.0,0.0,1.0,MDLZ,69.31373743583313
2023-10-02,69.2,69.29,68.04,68.49,66.2945699888942,4929149.0,0.0,1.0,MDLZ,69.24685129510637
2023-10-03,68.24,68.26,67.37,67.6,65.4330987187801,7959652.0,0.0,1.0,MDLZ,69.17134623024575
2023-10-04,67.79,68.795,67.38,68.68,66.4784795858849,5757718.0,0.0,1.0,MDLZ,69.12635709099104
2023-10-05,68.34,68.36,65.02,65.07,62.9841972430624,7626782.0,0.0,1.0,MDLZ,69.02345686094218
2023-10-06,64.38,64.41,61.19,63.36,61.3290108701465,19041652.0,0.0,1.0,MDLZ,68.91263562432428
2023-10-09,63.8,64.39,62.71,63.77,61.7258684215474,8349301.0,0.0,1.0,MDLZ,68.80030165529799
2023-10-10,64.4,64.5,63.295,63.63,61.5903560869227,9107679.0,0.0,1.0,MDLZ,68.67910970133273
2023-10-11,63.69,63.96,62.73,62.9,60.8837560563797,5996454.0,0.0,1.0,MDLZ,68.53953833092528
2023-10-12,62.77,62.84,60.75,61.04,59.0833778963659,8044806.0,0.0,1.0,MDLZ,68.37620437686947
2023-10-13,61.07,61.95,60.87,61.53,59.5576710675523,7316680.0,0.0,1.0,MDLZ,68.2180375956027
2023-10-16,61.87,62.945,61.83,62.62,60.6127313871303,7588939.0,0.0,1.0,MDLZ,68.05966406659978
2023-10-17,62.46,63.59,62.42,63.54,61.503241014664,7935795.0,0.0,1.0,MDLZ,67.90525721837983
2023-10-18,63.71,64.605,63.7,64.15,62.0936876155287,7676970.0,0.0,1.0,MDLZ,67.75882200426389
2023-10-19,64.08,64.97,63.81,64.21,62.1517643303679,8736221.0,0.0,1.0,MDLZ,67.60804773758383
2023-10-20,64.34,65.03,64.075,64.1,62.0452903531628,9887035.0,0.0,1.0,MDLZ,67.45431479015637
2023-10-23,63.92,64.655,63.6554,63.99,61.9388163759577,5162082.0,0.0,1.0,MDLZ,67.31019191714235
2023-10-24,64.2,65.725,64.16,65.55,63.4488109617757,7710990.0,0.0,1.0,MDLZ,67.21075104151335
2023-10-25,65.38,66.075,65.05,65.685,63.5794835701638,6916662.0,0.0,1.0,MDLZ,67.07183227769778
2023-10-26,65.89,66.38,65.39,65.65,63.5456054865076,6808934.0,0.0,1.0,MDLZ,66.94648754650692
2023-10-27,65.3,66.05,64.855,65.01,62.9261205282233,6251630.0,0.0,1.0,MDLZ,66.80773738647089
2023-10-30,65.42,66.17,65.27,65.98,63.8650274181229,6471723.0,0.0,1.0,MDLZ,66.66861390426934
2023-10-31,66.01,66.325,65.33,66.21,64.0876548250064,5575354.0,0.0,1.0,MDLZ,66.53401220559574
2023-11-01,66.45,67.26,66.24,66.82,64.6781014258711,7991301.0,0.0,1.0,MDLZ,66.43019210409581
2023-11-02,68.5,68.82,67.165,67.97,65.7912384602882,10467845.0,0.0,1.0,MDLZ,66.33905005196041
2023-11-03,68.65,69.09,68.34,68.82,66.6139919205095,9269356.0,0.0,1.0,MDLZ,66.2745228211702
2023-11-06,68.74,69.22,68.18,68.24,66.0525836770644,5600570.0,0.0,1.0,MDLZ,66.19473382603948
2023-11-07,68.65,68.83,68.085,68.49,66.2945699888942,8028574.0,0.0,1.0,MDLZ,66.12008919447271
2023-11-08,68.76,69.36,68.76,69.02,66.8075809699734,6608782.0,0.0,1.0,MDLZ,66.04983968814848
2023-11-09,69.07,69.365,68.81,68.94,66.7301453501879,7639061.0,0.0,1.0,MDLZ,65.99013412629165
2023-11-10,69.16,69.31,68.37,69.12,66.9043754947053,7076758.0,0.0,1.0,MDLZ,65.94766952101848
2023-11-13,69.03,69.755,68.96,69.3,67.0786056392228,6178659.0,0.0,1.0,MDLZ,65.9129805135042
2023-11-14,69.84,70.24,69.62,70.1,67.8529618370782,7503054.0,0.0,1.0,MDLZ,65.90257402816115
2023-11-15,69.74,70.695,69.74,69.99,67.746487859873,7262118.0,0.0,1.0,MDLZ,65.89153640932274
2023-11-16,70.49,70.975,70.31,70.62,68.3562933656842,6440201.0,0.0,1.0,MDLZ,65.8965411558307
2023-11-17,71.0,71.0,70.21,70.63,68.3659728181574,5427841.0,0.0,1.0,MDLZ,65.90977085301348
2023-11-20,70.2,71.13,70.07,70.91,68.6369974874067,5778224.0,0.0,1.0,MDLZ,65.90766534909567
2023-11-21,71.0,71.44,70.91,70.97,68.6950742022459,6057516.0,0.0,1.0,MDLZ,65.91627226484334
2023-11-22,71.32,71.75,71.17,71.49,69.1984057308519,3647082.0,0.0,1.0,MDLZ,65.9229113929604
2023-11-24,71.64,71.875,71.44,71.62,69.3242386130034,2067664.0,0.0,1.0,MDLZ,65.9308042346088
2023-11-27,72.0,72.115,71.2213,71.48,69.1887262783787,7100027.0,0.0,1.0,MDLZ,65.93759758215826
2023-11-28,71.55,71.81,71.24,71.43,69.1403290160128,5967740.0,0.0,1.0,MDLZ,65.94221380035063
2023-11-29,71.25,71.41,70.28,70.44,68.1820632211667,5163583.0,0.0,1.0,MDLZ,65.93618438294693
2023-11-30,70.28,71.09,69.945,71.06,68.7821892745046,9089958.0,0.0,1.0,MDLZ,65.96419607925408
2023-12-01,70.87,71.055,70.24,70.82,68.549882415148,5266162.0,0.0,1.0,MDLZ,65.9904780983513
2023-12-04,70.38,71.42,70.35,71.22,68.9370605140757,6118890.0,0.0,1.0,MDLZ,66.02098771787735
2023-12-05,71.06,71.25,70.35,70.68,68.4143700805233,3992425.0,0.0,1.0,MDLZ,66.03825658221884
2023-12-06,71.0,71.38,70.6,71.29,69.0048166813881,6123283.0,0.0,1.0,MDLZ,66.06784183553474
2023-12-07,71.37,71.975,70.85,71.61,69.3145591605302,6082719.0,0.0,1.0,MDLZ,66.07837161368435
2023-12-08,71.5,71.79,71.05,71.09,68.8112276319242,5321883.0,0.0,1.0,MDLZ,66.0855934056934
2023-12-11,71.85,73.0252,71.61,71.75,69.4500714951549,6648273.0,0.0,1.0,MDLZ,66.09955022519395
2023-12-12,72.36,72.38,71.57,72.27,69.9534030237609,5850132.0,0.0,1.0,MDLZ,66.10471178512465
2023-12-13,72.3,73.245,72.24,73.11,70.7664770315091,5504087.0,0.0,1.0,MDLZ,66.12981491389374
2023-12-14,73.03,73.03,70.57,70.7,68.4337289854697,8149617.0,0.0,1.0,MDLZ,66.1185344327127
2023-12-15,70.41,71.065,70.04,70.7,68.4337289854697,15088663.0,0.0,1.0,MDLZ,66.1126848951197
2023-12-18,71.255,71.5,70.6,71.06,68.7821892745046,5243936.0,0.0,1.0,MDLZ,66.11043847715078
2023-12-19,70.85,71.375,70.755,71.05,68.7725098220314,5096279.0,0.0,1.0,MDLZ,66.1224667319431
2023-12-20,70.37,70.705,69.24,69.33,67.1076439966424,9276133.0,0.0,1.0,MDLZ,66.1119870670028
2023-12-21,69.62,70.48,69.5,70.46,68.2014221261131,5538115.0,0.0,1.0,MDLZ,66.13032121160553
2023-12-22,70.83,71.57,70.75,71.21,68.9273810616025,4108979.0,0.0,1.0,MDLZ,66.14701976705196
2023-12-26,71.2,71.895,71.0,71.71,69.4113536852621,4003149.0,0.0,1.0,MDLZ,66.18052418193183
2023-12-27,71.77,72.255,71.54,72.21,69.8953263089217,4042695.0,0.0,1.0,MDLZ,66.22455007866475
2023-12-28,71.78,72.35,71.69,72.26,70.3551003013984,4095263.0,0.425,1.0,MDLZ,66.27583556475254
2023-12-29,72.14,72.65,72.11,72.43,70.5206188047369,4658650.0,0.0,1.0,MDLZ,66.34399764242742
2024-01-02,72.37,73.955,72.37,73.84,71.8934487441912,6321914.0,0.0,1.0,MDLZ,66.44819683638568
2024-01-03,74.36,74.43,73.2,73.28,71.3482113214292,5610014.0,0.0,1.0,MDLZ,66.52674089663638
2024-01-04,73.09,73.855,73.04,73.28,71.3482113214292,5218719.0,0.0,1.0,MDLZ,66.66164434951325
2024-01-05,73.06,73.4354,72.6,73.09,71.1632200529921,3732899.0,0.0,1.0,MDLZ,66.82026062665594
2024-01-08,73.1,73.835,73.1,73.71,71.76687577105,5596782.0,0.0,1.0,MDLZ,66.98221235809952
2024-01-09,73.09,73.765,72.635,73.74,71.796084918698,5078769.0,0.0,1.0,MDLZ,67.1468208876443
2024-01-10,73.7,73.77,72.815,73.08,71.1534836704428,4675779.0,0.0,1.0,MDLZ,67.31246165561305
2024-01-11,72.85,73.06,72.275,72.78,70.8613921939631,5221541.0,0.0,1.0,MDLZ,67.50242962815494
2024-01-12,73.2,73.38,72.72,73.12,71.19242920064,4494000.0,0.0,1.0,MDLZ,67.69008701739828
2024-01-16,73.0,73.235,72.55,72.85,70.9295468718083,6040927.0,0.0,1.0,MDLZ,67.85648726715117
2024-01-17,72.7,73.385,72.55,73.3,71.3676840865278,4650692.0,0.0,1.0,MDLZ,68.0155911876651
2024-01-18,73.36,73.36,72.65,72.91,70.9879651671043,5121720.0,0.0,1.0,MDLZ,68.15904727720664
2024-01-19,72.96,73.13,72.42,72.85,70.9295468718083,6427688.0,0.0,1.0,MDLZ,68.30062441497181
2024-01-22,72.79,73.47,72.65,73.12,71.19242920064,5210224.0,0.0,1.0,MDLZ,68.44815891251176
2024-01-23,73.25,74.605,73.1875,74.41,72.4484225495025,6295235.0,0.0,1.0,MDLZ,68.61766868950443
2024-01-24,74.18,74.4,73.82,73.95,72.0005489522337,6611477.0,0.0,1.0,MDLZ,68.75559994741504
2024-01-25,74.29,74.62,73.89,74.5,72.5360499924464,5003762.0,0.0,1.0,MDLZ,68.90006069616153
2024-01-26,74.6,75.4,74.275,75.14,73.159178475603,9517298.0,0.0,1.0,MDLZ,69.05511832501789
2024-01-29,75.27,75.82,75.0,75.72,73.7238886634637,9822136.0,0.0,1.0,MDLZ,69.22927587558628
2024-01-30,75.62,76.51,75.35,76.34,74.3275443815216,10329216.0,0.0,1.0,MDLZ,69.3980261491895
2024-01-31,73.78,76.015,73.58,75.27,73.2857514487442,19236245.0,0.0,1.0,MDLZ,69.54638254634656
2024-02-01,74.8,76.59,74.06,76.54,74.5222720325081,9887193.0,0.0,1.0,MDLZ,69.70515949161489
2024-02-02,76.9,77.2,76.07,76.87,74.8435726566357,8314801.0,0.0,1.0,MDLZ,69.85116488187856
2024-02-05,76.46,76.69,75.22,75.33,73.3441697440401,8487918.0,0.0,1.0,MDLZ,69.9597161370968
2024-02-06,75.31,75.48,74.57,75.25,73.2662786836456,6191658.0,0.0,1.0,MDLZ,70.07606605655779
2024-02-07,75.56,75.78,74.56,74.62,72.6528865830383,6067973.0,0.0,1.0,MDLZ,70.17861955001173
2024-02-08,74.59,75.175,74.44,74.76,72.7891959387288,4848964.0,0.0,1.0,MDLZ,70.27509721079811
2024-02-09,74.45,74.48,72.83,73.17,71.2411111133867,7425053.0,0.0,1.0,MDLZ,70.34785472310777
2024-02-12,73.07,73.65,72.85,73.5,71.5624117375143,5776405.0,0.0,1.0,MDLZ,70.42298433992725
2024-02-13,73.62,73.87,71.585,71.98,70.0824815900174,8809331.0,0.0,1.0,MDLZ,70.47143395203685
2024-02-14,71.74,72.23,70.97,71.41,69.527507784706,7769448.0,0.0,1.0,MDLZ,70.49844275764374
2024-02-15,71.5,71.98,71.44,71.61,69.7222354356925,5890408.0,0.0,1.0,MDLZ,70.53030965402793
2024-02-16,71.56,72.085,71.06,71.98,70.0824815900174,7077677.0,0.0,1.0,MDLZ,70.55815139958169
2024-02-20,72.51,73.38,72.25,73.19,71.2605838784853,7733430.0,0.0,1.0,MDLZ,70.60483867474828
2024-02-21,73.62,73.92,73.42,73.8,71.8545032139939,7316558.0,0.0,1.0,MDLZ,70.6567339284029
2024-02-22,73.13,74.35,73.0,74.13,72.1758038381215,7953425.0,0.0,1.0,MDLZ,70.71287472898155
2024-02-23,74.04,75.04,73.98,73.98,72.0297580998817,6732591.0,0.0,1.0,MDLZ,70.75854170267559
2024-02-26,73.9,74.04,73.14,73.29,71.3579477039785,7264060.0,0.0,1.0,MDLZ,70.79134346220744
2024-02-27,73.27,73.725,73.005,73.13,71.2021655831894,8864096.0,0.0,1.0,MDLZ,70.82381828970438
2024-02-28,73.25,73.545,72.93,73.19,71.2605838784853,4628051.0,0.0,1.0,MDLZ,70.85801594877651
2024-02-29,73.62,73.85,72.67,73.07,71.1437472878934,9569535.0,0.0,1.0,MDLZ,70.90578504662695
2024-03-01,72.86,72.965,72.155,72.37,70.4622005094409,5652846.0,0.0,1.0,MDLZ,70.93288200202915
2024-03-04,72.0,72.3,71.295,71.51,69.6248716101992,7258188.0,0.0,1.0,MDLZ,70.95022053743321
2024-03-05,71.23,71.81,70.67,70.84,68.9725339793947,8569521.0,0.0,1.0,MDLZ,70.95079269009963
2024-03-06,70.93,71.845,70.93,71.62,69.7319718182418,5228905.0,0.0,1.0,MDLZ,70.97204433103059
2024-03-07,71.81,71.99,70.93,71.0,69.1283161001839,8339462.0,0.0,1.0,MDLZ,70.97403625714018
2024-03-08,70.725,72.235,70.37,71.85,69.9559086168762,7227640.0,0.0,1.0,MDLZ,70.98438060321028
2024-03-11,71.9,72.59,71.89,72.4,70.4914096570889,4988014.0,0.0,1.0,MDLZ,71.01148031329359
2024-03-12,72.21,72.38,71.6,71.74,69.8488084088336,5746674.0,0.0,1.0,MDLZ,71.0179115538368
2024-03-13,72.06,72.24,71.41,71.49,69.6053988451006,6770995.0,0.0,1.0,MDLZ,71.01229858321324
2024-03-14,71.4,71.51,70.485,70.96,69.0893705699866,7897956.0,0.0,1.0,MDLZ,70.98524847899513
2024-03-15,71.0,71.06,70.14,70.75,68.8849065364508,16858275.0,0.0,1.0,MDLZ,70.99252553626903
2024-03-18,71.0,71.595,70.82,71.31,69.4301439592128,8754453.0,0.0,1.0,MDLZ,71.00859674552294
2024-03-19,71.66,72.435,71.56,72.25,70.3453639188491,9590891.0,0.0,1.0,MDLZ,71.03380923978656
2024-03-20,72.3,72.57,71.285,71.87,69.9753813819748,6714039.0,0.0,1.0,MDLZ,71.05321039397919
2024-03-21,72.0,72.365,71.51,72.21,70.3064183886518,5859193.0,0.0,1.0,MDLZ,71.10480352933419
2024-03-22,72.26,72.7,71.95,72.4,70.4914096570889,6006016.0,0.0,1.0,MDLZ,71.14173881209186
2024-03-25,72.64,72.66,70.84,70.85,68.982270361944,6786778.0,0.0,1.0,MDLZ,71.14262412338769
2024-03-26,70.69,70.82,69.69,70.04,68.193623375449,11413142.0,0.0,1.0,MDLZ,71.12298331193911
2024-03-27,70.05,70.35,69.83,70.1,68.6658379290911,7119577.0,0.425,1.0,MDLZ,71.10315285419989
2024-03-28,70.47,70.58,69.83,70.0,68.5678838093634,9931071.0,0.0,1.0,MDLZ,71.07432678174771
2024-04-01,70.145,70.145,69.11,69.76,68.332793922017,8375086.0,0.0,1.0,MDLZ,71.03903928363933
2024-04-02,69.8,70.0275,69.11,69.26,67.8430233233787,6883686.0,0.0,1.0,MDLZ,70.97370984136815
2024-04-03,68.98,69.09,67.89,67.97,66.5794151788918,8753912.0,0.0,1.0,MDLZ,70.89679377455303
2024-04-04,68.55,68.67,67.92,68.21,66.8145050662382,13516302.0,0.0,1.0,MDLZ,70.82366948011448
2024-04-05,67.96,68.43,67.635,67.99,66.5990060028374,9534049.0,0.0,1.0,MDLZ,70.75005312446683
2024-04-08,68.0,68.32,67.53,67.6,66.2169849358995,8148271.0,0.0,1.0,MDLZ,70.66053875615793
2024-04-09,67.93,67.97,67.34,67.86,66.4716656471914,7752591.0,0.0,1.0,MDLZ,70.57466102597236
2024-04-10,67.31,67.52,66.324,66.68,65.315807034405,6858616.0,0.0,1.0,MDLZ,70.48050495119753
2024-04-11,66.85,67.25,66.205,66.78,65.4137611541327,11259642.0,0.0,1.0,MDLZ,70.39263993442607
2024-04-12,66.36,66.73,66.01,66.69,65.3256024463778,7433559.0,0.0,1.0,MDLZ,70.29801369645412
2024-04-15,67.27,67.38,65.215,65.87,64.522378664611,10783549.0,0.0,1.0,MDLZ,70.19467227375739
2024-04-16,66.04,66.15,65.5,65.98,64.6301281963114,8581275.0,0.0,1.0,MDLZ,70.08600201746357
2024-04-17,66.23,66.66,66.0,66.51,65.149285030868,6755530.0,0.0,1.0,MDLZ,69.9918297572017
2024-04-18,66.66,67.335,66.55,67.17,65.7957822210706,8695698.0,0.0,1.0,MDLZ,69.90902710154465
2024-04-19,67.42,68.16,67.09,68.11,66.7165509465106,11020832.0,0.0,1.0,MDLZ,69.8368355168006
2024-04-22,68.26,69.43,68.23,69.41,67.9899545029702,10426853.0,0.0,1.0,MDLZ,69.76492474185655
2024-04-23,69.25,70.78,69.23,70.75,69.3025397073209,15893877.0,0.0,1.0,MDLZ,69.72140846371278
2024-04-24,69.91,71.535,69.865,71.31,69.8510827777958,16596946.0,0.0,1.0,MDLZ,69.67810254089585
2024-04-25,71.29,71.5,70.58,70.8,69.3515167671847,10654106.0,0.0,1.0,MDLZ,69.61668864237296
2024-04-26,70.31,71.14,70.24,70.61,69.1654039397021,7145125.0,0.0,1.0,MDLZ,69.54316469521554
2024-04-29,70.75,71.85,70.74,71.83,70.3604442003796,8544752.0,0.0,1.0,MDLZ,69.47917920842292
2024-04-30,72.03,72.64,71.82,71.94,70.46819373208,11058445.0,0.0,1.0,MDLZ,69.43373472912188
2024-05-01,71.76,71.85,69.48,70.69,69.2437672354843,11297451.0,0.0,1.0,MDLZ,69.34859755497634
2024-05-02,70.86,71.26,70.45,70.5,69.0576544080017,7423315.0,0.0,1.0,MDLZ,69.2552762929016
2024-05-03,70.68,70.74,69.325,69.89,68.460134277663,8093601.0,0.0,1.0,MDLZ,69.17650152731485
2024-05-06,70.07,70.13,69.265,69.93,68.499315925554,5653400.0,0.0,1.0,MDLZ,69.09961503121662
2024-05-07,70.34,70.94,70.04,70.89,69.4396754749396,4316384.0,0.0,1.0,MDLZ,69.04778904560212
2024-05-08,70.89,71.06,70.135,70.43,68.9890865241923,6514857.0,0.0,1.0,MDLZ,68.98649695827089
2024-05-09,70.64,70.64,69.92,70.2,68.7637920488187,5201669.0,0.0,1.0,MDLZ,68.94654019916496
2024-05-10,70.05,71.29,69.96,71.2,69.7433332460953,5363903.0,0.0,1.0,MDLZ,68.91720022349689
2024-05-13,71.48,71.94,71.21,71.76,70.2918763165703,5541493.0,0.0,1.0,MDLZ,68.92057755779615
2024-05-14,72.0,72.06,71.28,71.93,70.4583983201073,4924721.0,0.0,1.0,MDLZ,68.93559192127036
2024-05-15,71.96,72.11,71.28,71.33,69.8706736017413,5926140.0,0.0,1.0,MDLZ,68.93798608523888
2024-05-16,71.33,72.03,71.31,71.92,70.4486029081345,5330064.0,0.0,1.0,MDLZ,68.94389126778917
2024-05-17,71.89,71.965,71.16,71.23,69.7727194820136,5827797.0,0.0,1.0,MDLZ,68.91989345494284
2024-05-20,71.27,71.37,70.215,70.27,68.8323599326281,4955379.0,0.0,1.0,MDLZ,68.87114920846919
2024-05-21,70.61,70.89,70.005,70.66,69.214380999566,4252091.0,0.0,1.0,MDLZ,68.82338432397637
2024-05-22,70.06,70.38,69.355,70.22,68.7833828727642,5372161.0,0.0,1.0,MDLZ,68.7710234332164
2024-05-23,69.73,70.0,68.8,68.85,67.4414114324953,4526781.0,0.0,1.0,MDLZ,68.70785349335378
2024-05-24,68.71,69.28,68.24,68.3,66.9026637739931,3723574.0,0.0,1.0,MDLZ,68.63850668997964
2024-05-28,67.93,68.37,67.12,67.57,66.1875986999812,6177943.0,0.0,1.0,MDLZ,68.55668434839086
2024-05-29,66.99,67.275,66.635,66.93,65.5606923337242,5173342.0,0.0,1.0,MDLZ,68.46663507493653
2024-05-30,67.18,67.94,67.03,67.89,66.5010518831097,5823482.0,0.0,1.0,MDLZ,68.40274558096343
2024-05-31,67.57,68.55,67.33,68.53,67.1279582493668,7977059.0,0.0,1.0,MDLZ,68.36247278482098
2024-06-03,68.27,68.42,67.21,67.35,65.9720996365804,6077875.0,0.0,1.0,MDLZ,68.31407868251753
2024-06-04,67.43,68.445,66.935,68.09,66.6969601225651,5178565.0,0.0,1.0,MDLZ,68.26512688097435
2024-06-05,67.86,68.25,67.13,67.98,66.5892105908646,5102957.0,0.0,1.0,MDLZ,68.22417356630791
2024-06-06,67.81,68.78,67.6,68.19,66.7949142422927,4769509.0,0.0,1.0,MDLZ,68.1731897860727
2024-06-07,67.86,68.39,67.65,67.81,66.4226885873276,4189126.0,0.0,1.0,MDLZ,68.10756525268944
2024-06-10,67.42,67.845,66.46,67.3,65.9231225767165,6263557.0,0.0,1.0,MDLZ,68.0442477392682
2024-06-11,67.04,67.65,66.8,67.58,66.197394111954,3807665.0,0.0,1.0,MDLZ,67.98927992099163
2024-06-12,67.58,67.68,65.995,66.1,64.7476731399846,6274345.0,0.0,1.0,MDLZ,67.91925254308839
2024-06-13,65.9,66.38,65.53,66.1,64.7476731399846,7196983.0,0.0,1.0,MDLZ,67.85252297217764
2024-06-14,66.1,66.145,65.51,65.85,64.5027878406654,5029060.0,0.0,1.0,MDLZ,67.77304948639461
2024-06-17,65.74,66.43,65.37,66.08,64.728082316039,5837727.0,0.0,1.0,MDLZ,67.68244817022025
2024-06-18,65.8,66.385,65.705,66.17,64.8162410237939,3795054.0,0.0,1.0,MDLZ,67.59923622895928
2024-06-20,66.0,66.55,65.92,66.06,64.7084914920935,5817458.0,0.0,1.0,MDLZ,67.50894708546642
2024-06-21,66.47,67.22,66.225,66.51,65.149285030868,11855525.0,0.0,1.0,MDLZ,67.42278378504349
2024-06-24,66.87,68.52,66.76,68.42,67.0202087176663,10297113.0,0.0,1.0,MDLZ,67.39113762949061
2024-06-25,68.42,68.94,67.53,67.85,66.4618702352187,6524303.0,0.0,1.0,MDLZ,67.36320612722884
2024-06-26,67.24,67.375,66.58,66.64,65.276625386514,5372445.0,0.0,1.0,MDLZ,67.30854140880017
2024-06-27,67.02,67.0685,66.42,66.6,65.2374437386229,4751558.0,0.0,1.0,MDLZ,67.25482463346567
2024-06-28,66.15,66.26,65.005,65.44,64.5174809586246,10899642.0,0.425,1.0,MDLZ,67.1932873276045
2024-07-01,65.86,66.68,65.22,65.24,64.3203003933476,6769754.0,0.0,1.0,MDLZ,67.1364692158298
2024-07-02,65.19,66.07,65.1,66.03,65.0991636261916,9997127.0,0.0,1.0,MDLZ,67.11259419078624
2024-07-03,65.86,66.39,65.69,66.34,65.4047935023709,3462505.0,0.0,1.0,MDLZ,67.08985690749806
2024-07-05,66.31,67.06,65.97,66.98,66.0357713112572,6198188.0,0.0,1.0,MDLZ,67.08077247698871
2024-07-08,66.45,66.85,65.93,66.16,65.2273309936216,7929767.0,0.0,1.0,MDLZ,67.06481031662938
2024-07-09,65.88,66.035,65.22,65.24,64.3203003933476,5389979.0,0.0,1.0,MDLZ,67.03011087705126
2024-07-10,65.32,65.97,65.215,65.93,65.0005733435531,6904159.0,0.0,1.0,MDLZ,67.02502646268267
2024-07-11,65.7,65.8,64.91,65.32,64.3991726194584,7455044.0,0.0,1.0,MDLZ,67.00866213147825
2024-07-12,65.54,65.9573,65.28,65.36,64.4386087325138,8426579.0,0.0,1.0,MDLZ,66.99435578125464
2024-07-15,65.3,65.3,64.26,64.35,63.4428468778651,7712200.0,0.0,1.0,MDLZ,66.9769439782426
2024-07-16,64.22,65.88,64.18,65.83,64.9019830609146,7576706.0,0.0,1.0,MDLZ,66.98132873412331
2024-07-17,66.11,67.47,66.11,67.12,66.1737977069511,7404361.0,0.0,1.0,MDLZ,66.99785313212466
2024-07-18,66.69,68.375,66.5,66.92,65.9766171416741,5688285.0,0.0,1.0,MDLZ,67.00076982439245
2024-07-19,67.02,67.25,66.135,66.45,65.5132428132733,5012578.0,0.0,1.0,MDLZ,66.98136162869507
2024-07-22,67.16,67.26,66.09,66.54,65.6019740676479,4325909.0,0.0,1.0,MDLZ,66.94284581522213
2024-07-23,66.37,66.64,65.84,66.01,65.0794455696639,3431143.0,0.0,1.0,MDLZ,66.87473139364701
2024-07-24,66.07,66.65,65.37,66.4,65.463947671954,5401392.0,0.0,1.0,MDLZ,66.80397115000441
2024-07-25,66.74,67.73,66.285,66.39,65.4540886436902,6593678.0,0.0,1.0,MDLZ,66.74110940607707
2024-07-26,66.0,66.8,65.91,66.42,65.4836657284817,5778491.0,0.0,1.0,MDLZ,66.68172653170255
2024-07-29,66.21,67.5,66.08,67.1,66.1540796504234,6616843.0,0.0,1.0,MDLZ,66.61388194218713
2024-07-30,66.8,67.28,66.29,67.05,66.1047845091042,7697858.0,0.0,1.0,MDLZ,66.54350437407462
2024-07-31,68.5,69.63,67.9,68.35,67.3864581834045,11088099.0,0.0,1.0,MDLZ,66.51354777646044
2024-08-01,67.645,68.68,67.4,68.31,67.3470220703491,8359502.0,0.0,1.0,MDLZ,66.48595693230475
2024-08-02,69.91,70.86,68.69,70.68,69.6836117688812,10309048.0,0.0,1.0,MDLZ,66.50569044022761
2024-08-05,72.79,73.41,68.97,69.01,68.0371540488185,10619017.0,0.0,1.0,MDLZ,66.4982362164093
2024-08-06,68.78,69.78,68.42,68.46,67.4949074943068,7453064.0,0.0,1.0,MDLZ,66.46686899091522
2024-08-07,68.8,69.78,68.6,69.42,68.4413742076363,6031233.0,0.0,1.0,MDLZ,66.45803492129335
2024-08-08,69.04,70.5,69.04,70.28,69.2892506383272,6236877.0,0.0,1.0,MDLZ,66.4665100598338
2024-08-09,70.14,70.45,68.72,69.72,68.7371450555517,5609393.0,0.0,1.0,MDLZ,66.45028121805085
2024-08-12,69.8,70.02,69.135,69.28,68.3033478119424,5429481.0,0.0,1.0,MDLZ,66.41820817765363
2024-08-13,69.56,70.47,69.42,70.34,69.3484048079103,4958891.0,0.0,1.0,MDLZ,66.40030505648916
2024-08-14,70.67,71.915,70.46,71.2,70.1962812386013,7575439.0,0.0,1.0,MDLZ,66.40555679256754
2024-08-15,71.11,71.33,70.06,70.28,69.2892506383272,5534794.0,0.0,1.0,MDLZ,66.38685756240936
2024-08-16,70.39,70.44,69.73,70.12,69.1315061861057,5130941.0,0.0,1.0,MDLZ,66.37651541247537
2024-08-19,70.45,71.0,70.08,70.89,69.890651362422,3934932.0,0.0,1.0,MDLZ,66.39358462908496
2024-08-20,70.62,71.31,70.46,70.98,69.9793826167966,3816972.0,0.0,1.0,MDLZ,66.40592336484673
2024-08-21,71.23,71.84,70.92,71.1,70.0976909559628,3845789.0,0.0,1.0,MDLZ,66.42712188231768
2024-08-22,71.25,71.3,70.615,70.83,69.8314971928389,3630275.0,0.0,1.0,MDLZ,66.46567165264578
2024-08-23,71.19,71.3,70.7168,71.23,70.2258583233928,4586583.0,0.0,1.0,MDLZ,66.51927156473288
2024-08-26,71.5,72.14,71.29,71.39,70.3836027756144,3516865.0,0.0,1.0,MDLZ,66.58694904982374
2024-08-27,71.71,71.86,71.16,71.25,70.2455763799205,4236163.0,0.0,1.0,MDLZ,66.66251169573015
2024-08-28,71.25,71.6,71.07,71.25,70.2455763799205,3363521.0,0.0,1.0,MDLZ,66.72290725213031
2024-08-29,71.39,71.39,70.48,70.73,69.7329069102004,5462784.0,0.0,1.0,MDLZ,66.76492255311149
2024-08-30,70.92,71.98,70.64,71.81,70.797681962696,6158437.0,0.0,1.0,MDLZ,66.84275452611335
2024-09-03,71.935,72.42,71.44,72.25,71.2314792063054,7366773.0,0.0,1.0,MDLZ,66.91589193068981
2024-09-04,72.48,75.68,72.47,75.27,74.2089057419876,9334023.0,0.0,1.0,MDLZ,67.0387902395789
2024-09-05,75.27,75.73,74.52,75.07,74.0117251767107,7607796.0,0.0,1.0,MDLZ,67.15519041594048
2024-09-06,75.22,75.94,75.06,75.31,74.248341855043,8019940.0,0.0,1.0,MDLZ,67.28141062993589
2024-09-09,75.1,76.04,74.87,75.71,74.642702985597,8018327.0,0.0,1.0,MDLZ,67.42204902362751
2024-09-10,75.84,76.06,74.92,75.13,74.0708793462938,4770251.0,0.0,1.0,MDLZ,67.54904072095556
2024-09-11,75.2,75.2,73.74,74.35,73.3018751417136,5327505.0,0.0,1.0,MDLZ,67.68701172098345
2024-09-12,74.05,74.54,73.47,74.38,73.3314522265051,5808956.0,0.0,1.0,MDLZ,67.82545977076605
2024-09-13,74.42,75.4,74.24,75.26,74.1990467137238,3603123.0,0.0,1.0,MDLZ,67.98185104291215
2024-09-16,75.74,75.98,74.98,75.53,74.4652404768477,4731140.0,0.0,1.0,MDLZ,68.13890198098971
2024-09-17,75.68,75.94,75.09,75.1,74.0413022615022,3533625.0,0.0,1.0,MDLZ,68.28769329127533
2024-09-18,75.08,75.5,74.51,75.05,73.992007120183,4622201.0,0.0,1.0,MDLZ,68.43742741430904
2024-09-19,75.08,75.23,74.55,74.78,73.7258133570591,5091258.0,0.0,1.0,MDLZ,68.57575851634437
2024-09-20,74.77,75.49,74.19,74.28,73.2328619438666,11330174.0,0.0,1.0,MDLZ,68.67596260063792
2024-09-23,74.55,75.03,73.72,74.57,73.5187737635182,5274041.0,0.0,1.0,MDLZ,68.78978362528791
2024-09-24,74.41,74.79,74.04,74.16,73.1145536047004,8149579.0,0.0,1.0,MDLZ,68.91620182235543
2024-09-25,74.47,74.62,73.88,74.06,73.015963322062,4949754.0,0.0,1.0,MDLZ,69.04166181563672
2024-09-26,74.06,74.65,74.03,74.32,73.272298056922,3961504.0,0.0,1.0,MDLZ,69.1828685430286
2024-09-27,74.72,75.11,74.11,74.2,73.1539897177558,4697065.0,0.0,1.0,MDLZ,69.32534740309971
2024-09-30,74.04,74.36,73.19,73.67,73.0948355481728,5792771.0,0.47,1.0,MDLZ,69.45430985345423
2024-10-01,73.66,73.9,72.91,72.99,72.4201445182724,5307595.0,0.0,1.0,MDLZ,69.56746067629138
2024-10-02,72.855,72.97,72.015,72.28,71.7156877076412,5047618.0,0.0,1.0,MDLZ,69.65907223107173
2024-10-03,72.2,72.2,71.07,71.16,70.6044318936877,4997089.0,0.0,1.0,MDLZ,69.74579966494379
2024-10-04,70.95,71.6,70.8,71.51,70.9516993355482,4379169.0,0.0,1.0,MDLZ,69.85275771239864
2024-10-07,71.5,71.59,70.8,71.0,70.4456810631229,4354569.0,0.0,1.0,MDLZ,69.94058203045621
2024-10-08,71.0,71.17,70.345,70.85,70.2968521594684,4186267.0,0.0,1.0,MDLZ,70.03570589400476
2024-10-09,70.8,71.2,70.345,71.05,70.4952906976744,4317073.0,0.0,1.0,MDLZ,70.13339431279766
2024-10-10,71.39,71.43,70.745,71.14,70.5845880398671,4572292.0,0.0,1.0,MDLZ,70.24858368637835
2024-10-11,71.41,71.41,70.58,70.66,70.1083355481727,4338547.0,0.0,1.0,MDLZ,70.33255711359217
2024-10-14,70.53,70.73,69.93,70.53,69.9793504983389,5143542.0,0.0,1.0,MDLZ,70.39393699732425
2024-10-15,70.8,72.7,70.73,71.8,71.2394352159468,5888611.0,0.0,1.0,MDLZ,70.47882115981253
2024-10-16,71.86,72.06,71.33,71.91,71.3485764119601,4231507.0,0.0,1.0,MDLZ,70.57293944366229
2024-10-17,72.15,72.35,71.02,71.12,70.5647441860465,5208532.0,0.0,1.0,MDLZ,70.65298412299131
2024-10-18,71.1,71.78,70.92,71.58,71.0211528239203,7373977.0,0.0,1.0,MDLZ,70.7488181109632
2024-10-21,71.5,71.82,70.395,70.43,69.8801312292359,4811746.0,0.0,1.0,MDLZ,70.82004687801611
2024-10-22,70.25,71.39,70.05,71.35,70.7929485049834,5687550.0,0.0,1.0,MDLZ,70.90615752094021
2024-10-23,70.88,71.325,70.515,70.56,70.0091162790698,6588680.0,0.0,1.0,MDLZ,70.97914865885292
2024-10-24,70.3,70.8,69.92,69.95,69.4038787375415,4756803.0,0.0,1.0,MDLZ,71.03156477316128
2024-10-25,70.05,70.31,69.17,69.23,68.6895,6176667.0,0.0,1.0,MDLZ,71.07325373269184
2024-10-28,69.41,70.05,69.02,69.54,68.9970797342193,4821898.0,0.0,1.0,MDLZ,71.09923149964048
2024-10-29,69.25,69.71,69.0712,69.15,68.6101245847176,8407609.0,0.0,1.0,MDLZ,71.11960412083997
2024-10-30,68.31,70.16,67.8,69.79,69.2451279069767,10475181.0,0.0,1.0,MDLZ,71.11253180048668
2024-10-31,69.65,69.85,68.46,68.48,67.9453554817276,7207838.0,0.0,1.0,MDLZ,71.11105117843682
2024-11-01,68.76,68.97,68.22,68.51,67.9751212624585,6470448.0,0.0,1.0,MDLZ,71.11879656179411
2024-11-04,68.8,68.81,67.75,68.36,67.826292358804,5704387.0,0.0,1.0,MDLZ,71.10887588681295
2024-11-05,68.37,69.195,68.0101,69.05,68.5109053156146,5383773.0,0.0,1.0,MDLZ,71.096321929995
2024-11-06,69.02,69.185,66.12,66.37,65.8518289036545,9758623.0,0.0,1.0,MDLZ,71.04978457270633
2024-11-07,66.42,66.58,65.59,65.72,65.206903654485,6511632.0,0.0,1.0,MDLZ,70.9998419250054
2024-11-08,65.72,66.26,65.56,66.2,65.6831561461794,4864543.0,0.0,1.0,MDLZ,70.94072501110652
2024-11-11,65.7,66.57,65.65,66.1,65.5839368770764,7972393.0,0.0,1.0,MDLZ,70.86633236011419
2024-11-12,66.33,66.74,65.8,66.52,66.000657807309,6304294.0,0.0,1.0,MDLZ,70.81329054025905
2024-11-13,66.05,66.19,65.37,66.0,65.4847176079734,5389181.0,0.0,1.0,MDLZ,70.75447136964401
2024-11-14,66.18,66.41,65.475,65.56,65.0481528239203,6837737.0,0.0,1.0,MDLZ,70.67636655450688
2024-11-15,65.32,65.34,63.91,64.49,63.9865066445183,7204038.0,0.0,1.0,MDLZ,70.57970726463142
2024-11-18,64.67,64.68,63.72,63.84,63.3415813953488,6983698.0,0.0,1.0,MDLZ,70.47073775558927
2024-11-19,63.7,63.97,63.4,63.87,63.3713471760797,5621715.0,0.0,1.0,MDLZ,70.36654178757702
2024-11-20,63.86,64.51,63.64,64.42,63.9170531561462,5232709.0,0.0,1.0,MDLZ,70.26478686552466
2024-11-21,64.43,64.91,63.95,64.79,64.2841644518273,6971787.0,0.0,1.0,MDLZ,70.16640882804423
2024-11-22,64.56,65.1,64.03,64.4,63.8972093023256,7125277.0,0.0,1.0,MDLZ,70.06401581066366
2024-11-25,64.54,65.1,64.42,64.94,64.4329933554817,10733802.0,0.0,1.0,MDLZ,69.97026447155982
2024-11-26,64.965,65.28,64.46,64.88,64.3734617940199,8706110.0,0.0,1.0,MDLZ,69.88382180839562
2024-11-27,65.09,65.38,64.96,65.06,64.5520564784053,5045026.0,0.0,1.0,MDLZ,69.7830859134877
2024-11-29,65.06,65.28,64.86,64.95,64.442915282392,5095986.0,0.0,1.0,MDLZ,69.67359294697296
2024-12-02,65.06,65.265,64.39,65.23,64.7207292358804,9985399.0,0.0,1.0,MDLZ,69.52055784203576
2024-12-03,65.27,65.27,64.69,64.81,64.3040083056478,6626778.0,0.0,1.0,MDLZ,69.36398176347022
2024-12-04,64.2,64.435,63.005,63.27,62.7760315614618,8302119.0,0.0,1.0,MDLZ,69.17894450067053
2024-12-05,63.02,63.3,62.43,63.24,62.7462657807309,10781051.0,0.0,1.0,MDLZ,68.98706648123719
2024-12-06,63.3,63.866,62.77,62.86,62.3692325581395,6789595.0,0.0,1.0,MDLZ,68.79833024271859
2024-12-09,62.79,63.13,60.33,61.44,60.9603189368771,19609191.0,0.0,1.0,MDLZ,68.59927288457605
2024-12-10,61.4,62.15,60.48,61.75,61.2678986710963,9728116.0,0.0,1.0,MDLZ,68.40469944013397
2024-12-11,64.1,64.3,63.0,63.12,62.6272026578073,12901654.0,0.0,1.0,MDLZ,68.2180567940708
2024-12-12,62.7614,63.36,62.47,62.63,62.1410282392027,8041530.0,0.0,1.0,MDLZ,68.0192791773346
2024-12-13,62.29,62.73,61.81,61.93,61.4464933554817,7120466.0,0.0,1.0,MDLZ,67.81613709820523
2024-12-16,61.95,62.59,61.45,61.49,61.0099285714286,9072643.0,0.0,1.0,MDLZ,67.60674873451565
2024-12-17,61.45,62.38,61.235,61.34,60.8610996677741,10314608.0,0.0,1.0,MDLZ,67.39925335243042
2024-12-18,60.9,61.305,59.96,60.02,59.5514053156146,14385812.0,0.0,1.0,MDLZ,67.17858469713602
2024-12-19,59.78,60.2,59.24,59.27,58.8072607973422,13498328.0,0.0,1.0,MDLZ,66.94130222993962
2024-12-20,59.135,60.25,59.1021,59.39,58.9263239202658,34652299.0,0.0,1.0,MDLZ,66.71245981567456
2024-12-23,59.37,59.746,58.9,59.28,58.8171827242525,8443803.0,0.0,1.0,MDLZ,66.48344722538732
2024-12-24,59.12,60.03,59.02,60.0,59.531561461794,5885454.0,0.0,1.0,MDLZ,66.26182244159493
2024-12-26,59.75,60.27,59.71,59.85,59.3827325581395,6103672.0,0.0,1.0,MDLZ,66.03970539063337
2024-12-27,59.71,60.305,59.65,60.21,59.7399219269103,7608190.0,0.0,1.0,MDLZ,65.82430355803237
2024-12-30,60.1252,60.33,59.34,59.56,59.0949966777409,7580623.0,0.0,1.0,MDLZ,65.60938181866895
2024-12-31,59.38,59.93,59.13,59.73,59.73,6904399.0,0.47,1.0,MDLZ,65.41606427499731
2025-01-02,60.0,60.24,59.28,59.5,59.5,6160054.0,0.0,1.0,MDLZ,65.23696053477656
2025-01-03,59.88,60.13,59.52,59.86,59.86,7036472.0,0.0,1.0,MDLZ,65.05806215839674
2025-01-06,59.59,59.685,58.12,58.22,58.22,9337387.0,0.0,1.0,MDLZ,64.86087375415282
2025-01-07,57.81,59.11,57.81,58.29,58.29,11236755.0,0.0,1.0,MDLZ,64.66721484835494
2025-01-08,58.2,58.375,57.67,58.29,58.29,8332507.0,0.0,1.0,MDLZ,64.4703553209731
2025-01-10,57.52,58.22,56.205,56.25,56.25,11668355.0,0.0,1.0,MDLZ,64.23915228807202
2025-01-13,56.3,56.675,55.97,56.17,56.17,17172143.0,0.0,1.0,MDLZ,64.01434042439182
2025-01-14,56.11,57.11,55.98,57.1,57.1,10313585.0,0.0,1.0,MDLZ,63.80660896474118
2025-01-15,57.33,57.81,56.56,56.64,56.64,8839794.0,0.0,1.0,MDLZ,63.57113420319366
2025-01-16,56.29,58.08,56.01,58.0,58.0,10572820.0,0.0,1.0,MDLZ,63.355834583645915
2025-01-17,58.42,58.75,57.82,57.86,57.86,12663461.0,0.0,1.0,MDLZ,63.150919354838706
2025-01-21,57.46,58.19,57.25,57.6,57.6,11346880.0,0.0,1.0,MDLZ,62.93444914800128
2025-01-22,57.14,57.7616,56.13,56.31,56.31,14606182.0,0.0,1.0,MDLZ,62.71557606365877
2025-01-23,56.54,56.995,56.105,56.96,56.96,8942723.0,0.0,1.0,MDLZ,62.49246399099775
2025-01-24,56.855,57.6186,56.805,57.42,57.42,7383443.0,0.0,1.0,MDLZ,62.2894137284321
2025-01-27,58.43,59.28,57.715,58.33,58.33,11645318.0,0.0,1.0,MDLZ,62.1108027810524
2025-01-28,58.26,58.59,56.605,56.91,56.91,10769268.0,0.0,1.0,MDLZ,61.92081084556853
2025-01-29,56.89,57.59,56.885,57.13,57.13,9170621.0,0.0,1.0,MDLZ,61.72940633372629
2025-01-30,57.5,58.46,57.24,58.41,58.41,9024220.0,0.0,1.0,MDLZ,61.5648881952631
2025-01-31,57.08,58.46,57.08,57.99,57.99,10121979.0,0.0,1.0,MDLZ,61.38335387418283
2025-02-03,57.99,57.99,56.85,57.41,57.41,8130392.0,0.0,1.0,MDLZ,61.213428785767874
2025-02-04,56.68,57.03,55.88,56.12,56.12,12538151.0,0.0,1.0,MDLZ,61.022217152502414
2025-02-05,54.25,57.56,53.95,57.43,57.43,25660635.0,0.0,1.0,MDLZ,60.85453501768299
2025-02-06,58.06,58.6,57.22,57.83,57.83,14019139.0,0.0,1.0,MDLZ,60.68226235130211
2025-02-07,58.045,58.81,57.68,58.45,58.45,15972878.0,0.0,1.0,MDLZ,60.56287801414639
2025-02-10,58.59,58.625,57.51,58.53,58.53,9511868.0,0.0,1.0,MDLZ,60.45518601971921
2025-02-11,58.415,60.495,58.19,60.45,60.45,12175868.0,0.0,1.0,MDLZ,60.37078027542599
2025-02-12,59.91,60.67,59.55,60.6,60.6,10929183.0,0.0,1.0,MDLZ,60.29039419676347
2025-02-13,60.56,61.2,60.39,61.16,61.16,9059017.0,0.0,1.0,MDLZ,60.212319070839136
2025-02-14,61.22,62.19,60.635,60.82,60.82,10040898.0,0.0,1.0,MDLZ,60.13708169006537
2025-02-18,60.525,61.44,59.82,61.18,61.18,10760273.0,0.0,1.0,MDLZ,60.07469212838924
2025-02-19,61.21,61.965,61.0501,61.93,61.93,7674438.0,0.0,1.0,MDLZ,60.04152266638088
2025-02-20,61.72,62.61,61.62,62.17,62.17,9533673.0,0.0,1.0,MDLZ,60.02262619226235
2025-02-21,62.17,64.855,61.76,64.67,64.67,16291507.0,0.0,1.0,MDLZ,60.043572205551385
2025-02-24,64.51,65.77,64.065,65.36,65.36,16269948.0,0.0,1.0,MDLZ,60.06684554174258
2025-02-25,65.22,66.27,65.0,65.88,65.88,12045119.0,0.0,1.0,MDLZ,60.09258482477762
2025-02-26,65.4,65.5,63.28,63.45,63.45,9542931.0,0.0,1.0,MDLZ,60.0853717715143
2025-02-27,63.175,64.21,63.09,63.98,63.98,6944691.0,0.0,1.0,MDLZ,60.07806542707105
2025-02-28,64.71,64.71,63.65,64.23,64.23,8634599.0,0.0,1.0,MDLZ,60.075751527167505
2025-03-03,64.035,66.005,64.035,65.78,65.78,8668890.0,0.0,1.0,MDLZ,60.09555706783839
2025-03-04,66.31,67.42,65.17,65.29,65.29,13041615.0,0.0,1.0,MDLZ,60.109219724574
2025-03-05,65.25,66.45,65.1815,66.3,66.3,9321561.0,0.0,1.0,MDLZ,60.1346918336727
2025-03-06,66.13,67.24,65.69,66.76,66.76,10713673.0,0.0,1.0,MDLZ,60.17430460293645
2025-03-07,66.67,69.68,66.63,67.74,67.74,13950539.0,0.0,1.0,MDLZ,60.25436861000964
2025-03-10,68.28,70.6,67.86,68.15,68.15,13961232.0,0.0,1.0,MDLZ,60.341525613546246
2025-03-11,68.33,68.49,67.31,67.85,67.85,10840588.0,0.0,1.0,MDLZ,60.429925088414954
2025-03-12,66.72,66.895,64.865,64.98,64.98,8773128.0,0.0,1.0,MDLZ,60.4947586539492
2025-03-13,64.73,65.51,64.655,64.69,64.69,8727891.0,0.0,1.0,MDLZ,60.54995383667345
